target,model,trial_id,params,threshold,selected,best_epoch,epochs_ran,train_seconds,evaluation_device,val_precision,val_recall,val_f1,val_tp,val_fp,val_fn,val_tn
horizon_label_20min,tabular_resnet,1,"{""batch_size"": 2048, ""d_block"": 128, ""d_hidden_multiplier"": 2.0, ""dropout1"": 0.1, ""dropout2"": 0.0, ""learning_rate"": 0.001, ""lr_scheduler"": false, ""max_epochs"": 12, ""n_blocks"": 2, ""patience"": 3, ""pos_weight"": 1.0, ""weight_decay"": 0.0001}",0.23492610454559326,False,11,12,10.18696220000129,cpu,0.9137931034482759,0.762589928057554,0.8313725490196079,106,10,33,83150
horizon_label_20min,tabular_resnet,2,"{""batch_size"": 2048, ""d_block"": 128, ""d_hidden_multiplier"": 2.0, ""dropout1"": 0.1, ""dropout2"": 0.0, ""learning_rate"": 0.001, ""lr_scheduler"": false, ""max_epochs"": 12, ""n_blocks"": 2, ""patience"": 3, ""pos_weight"": 25.0, ""weight_decay"": 0.0001}",0.9369449019432068,False,12,12,8.986362899999222,cpu,0.9105691056910569,0.8057553956834532,0.8549618320610687,112,11,27,83149
horizon_label_20min,tabular_resnet,3,"{""batch_size"": 2048, ""d_block"": 128, ""d_hidden_multiplier"": 2.0, ""dropout1"": 0.1, ""dropout2"": 0.0, ""learning_rate"": 0.0003, ""lr_scheduler"": false, ""max_epochs"": 12, ""n_blocks"": 2, ""patience"": 3, ""pos_weight"": 1.0, ""weight_decay"": 0.0001}",0.6325882077217102,False,4,7,5.398386200002278,cpu,0.96,0.5179856115107914,0.6728971962616822,72,3,67,83157
horizon_label_20min,tabular_resnet,4,"{""batch_size"": 2048, ""d_block"": 128, ""d_hidden_multiplier"": 2.0, ""dropout1"": 0.1, ""dropout2"": 0.0, ""learning_rate"": 0.0003, ""lr_scheduler"": false, ""max_epochs"": 12, ""n_blocks"": 2, ""patience"": 3, ""pos_weight"": 25.0, ""weight_decay"": 0.0001}",0.9274097084999084,False,7,10,7.57011550000243,cpu,0.8943089430894309,0.7913669064748201,0.8396946564885496,110,13,29,83147
horizon_label_20min,tabular_resnet,5,"{""batch_size"": 2048, ""d_block"": 192, ""d_hidden_multiplier"": 2.0, ""dropout1"": 0.1, ""dropout2"": 0.0, ""learning_rate"": 0.0003, ""lr_scheduler"": true, ""max_epochs"": 40, ""n_blocks"": 3, ""patience"": 8, ""pos_weight"": 25.0, ""weight_decay"": 0.0001}",0.980043888092041,True,26,34,32.49014679999891,cpu,1.0,0.8201438848920863,0.9011857707509882,114,0,25,83160
horizon_label_20min,ft_transformer,1,"{""attention_dropout"": 0.1, ""attention_n_heads"": 4, ""batch_size"": 512, ""d_block"": 32, ""ffn_d_hidden_multiplier"": 1.3333333333333333, ""ffn_dropout"": 0.1, ""learning_rate"": 0.001, ""lr_scheduler"": false, ""max_epochs"": 12, ""n_blocks"": 1, ""patience"": 3, ""pos_weight"": 1.0, ""residual_dropout"": 0.0, ""weight_decay"": 0.0001}",0.43741506338119507,False,3,6,81.88143000000127,cpu,0.8536585365853658,0.5035971223021583,0.6334841628959276,70,12,69,83148
horizon_label_20min,ft_transformer,2,"{""attention_dropout"": 0.1, ""attention_n_heads"": 4, ""batch_size"": 512, ""d_block"": 32, ""ffn_d_hidden_multiplier"": 1.3333333333333333, ""ffn_dropout"": 0.1, ""learning_rate"": 0.001, ""lr_scheduler"": false, ""max_epochs"": 12, ""n_blocks"": 1, ""patience"": 3, ""pos_weight"": 25.0, ""residual_dropout"": 0.0, ""weight_decay"": 0.0001}",0.9777712821960449,False,6,9,129.85169060000044,cpu,0.9012345679012346,0.5251798561151079,0.6636363636363637,73,8,66,83152
horizon_label_20min,ft_transformer,3,"{""attention_dropout"": 0.1, ""attention_n_heads"": 4, ""batch_size"": 512, ""d_block"": 32, ""ffn_d_hidden_multiplier"": 1.3333333333333333, ""ffn_dropout"": 0.1, ""learning_rate"": 0.0003, ""lr_scheduler"": false, ""max_epochs"": 12, ""n_blocks"": 1, ""patience"": 3, ""pos_weight"": 1.0, ""residual_dropout"": 0.0, ""weight_decay"": 0.0001}",0.1433563530445099,False,11,12,192.73460680000062,cpu,0.8275862068965517,0.5179856115107914,0.6371681415929203,72,15,67,83145
horizon_label_20min,ft_transformer,4,"{""attention_dropout"": 0.1, ""attention_n_heads"": 4, ""batch_size"": 512, ""d_block"": 32, ""ffn_d_hidden_multiplier"": 1.3333333333333333, ""ffn_dropout"": 0.1, ""learning_rate"": 0.0003, ""lr_scheduler"": false, ""max_epochs"": 12, ""n_blocks"": 1, ""patience"": 3, ""pos_weight"": 25.0, ""residual_dropout"": 0.0, ""weight_decay"": 0.0001}",0.9892010688781738,False,12,12,230.0038526999997,cpu,0.8765432098765432,0.5107913669064749,0.6454545454545455,71,10,68,83150
horizon_label_20min,ft_transformer,5,"{""attention_dropout"": 0.1, ""attention_n_heads"": 4, ""batch_size"": 512, ""d_block"": 32, ""ffn_d_hidden_multiplier"": 1.3333333333333333, ""ffn_dropout"": 0.1, ""learning_rate"": 0.001, ""lr_scheduler"": true, ""max_epochs"": 40, ""n_blocks"": 2, ""patience"": 8, ""pos_weight"": 1.0, ""residual_dropout"": 0.0, ""weight_decay"": 0.0001}",0.3161064386367798,True,35,40,3820.9972959000006,cpu,0.9754098360655737,0.8561151079136691,0.9118773946360154,119,3,20,83157
horizon_label_30min,tabular_resnet,1,"{""batch_size"": 2048, ""d_block"": 128, ""d_hidden_multiplier"": 2.0, ""dropout1"": 0.1, ""dropout2"": 0.0, ""learning_rate"": 0.001, ""lr_scheduler"": false, ""max_epochs"": 12, ""n_blocks"": 2, ""patience"": 3, ""pos_weight"": 1.0, ""weight_decay"": 0.0001}",0.8429301977157593,False,10,12,17.734348299996782,cpu,0.9940828402366864,0.8076923076923077,0.8912466843501327,168,1,40,124919
horizon_label_30min,tabular_resnet,2,"{""batch_size"": 2048, ""d_block"": 128, ""d_hidden_multiplier"": 2.0, ""dropout1"": 0.1, ""dropout2"": 0.0, ""learning_rate"": 0.001, ""lr_scheduler"": false, ""max_epochs"": 12, ""n_blocks"": 2, ""patience"": 3, ""pos_weight"": 25.0, ""weight_decay"": 0.0001}",0.9017208218574524,False,9,12,17.598861999998917,cpu,0.9206349206349206,0.8365384615384616,0.8765743073047859,174,15,34,124905
horizon_label_30min,tabular_resnet,3,"{""batch_size"": 2048, ""d_block"": 128, ""d_hidden_multiplier"": 2.0, ""dropout1"": 0.1, ""dropout2"": 0.0, ""learning_rate"": 0.0003, ""lr_scheduler"": false, ""max_epochs"": 12, ""n_blocks"": 2, ""patience"": 3, ""pos_weight"": 1.0, ""weight_decay"": 0.0001}",0.696238100528717,False,10,12,18.22225459999754,cpu,0.9540229885057471,0.7980769230769231,0.8691099476439791,166,8,42,124912
horizon_label_30min,tabular_resnet,4,"{""batch_size"": 2048, ""d_block"": 128, ""d_hidden_multiplier"": 2.0, ""dropout1"": 0.1, ""dropout2"": 0.0, ""learning_rate"": 0.0003, ""lr_scheduler"": false, ""max_epochs"": 12, ""n_blocks"": 2, ""patience"": 3, ""pos_weight"": 25.0, ""weight_decay"": 0.0001}",0.96079421043396,False,9,12,18.10635850000108,cpu,0.9942196531791907,0.8269230769230769,0.9028871391076115,172,1,36,124919
horizon_label_30min,tabular_resnet,5,"{""batch_size"": 2048, ""d_block"": 128, ""d_hidden_multiplier"": 2.0, ""dropout1"": 0.1, ""dropout2"": 0.0, ""learning_rate"": 0.0003, ""lr_scheduler"": true, ""max_epochs"": 40, ""n_blocks"": 2, ""patience"": 8, ""pos_weight"": 25.0, ""weight_decay"": 0.0001}",0.9685018658638,True,16,24,36.58245810000153,cpu,1.0,0.8413461538461539,0.9138381201044387,175,0,33,124920
horizon_label_30min,ft_transformer,1,"{""attention_dropout"": 0.1, ""attention_n_heads"": 4, ""batch_size"": 512, ""d_block"": 32, ""ffn_d_hidden_multiplier"": 1.3333333333333333, ""ffn_dropout"": 0.1, ""learning_rate"": 0.001, ""lr_scheduler"": false, ""max_epochs"": 12, ""n_blocks"": 1, ""patience"": 3, ""pos_weight"": 1.0, ""residual_dropout"": 0.0, ""weight_decay"": 0.0001}",0.14259418845176697,False,5,8,196.50456959999792,cpu,0.8956521739130435,0.4951923076923077,0.6377708978328174,103,12,105,124908
horizon_label_30min,ft_transformer,2,"{""attention_dropout"": 0.1, ""attention_n_heads"": 4, ""batch_size"": 512, ""d_block"": 32, ""ffn_d_hidden_multiplier"": 1.3333333333333333, ""ffn_dropout"": 0.1, ""learning_rate"": 0.001, ""lr_scheduler"": false, ""max_epochs"": 12, ""n_blocks"": 1, ""patience"": 3, ""pos_weight"": 25.0, ""residual_dropout"": 0.0, ""weight_decay"": 0.0001}",0.9297195076942444,False,10,12,303.143986199997,cpu,0.8038277511961722,0.8076923076923077,0.8057553956834532,168,41,40,124879
horizon_label_30min,ft_transformer,3,"{""attention_dropout"": 0.1, ""attention_n_heads"": 4, ""batch_size"": 512, ""d_block"": 32, ""ffn_d_hidden_multiplier"": 1.3333333333333333, ""ffn_dropout"": 0.1, ""learning_rate"": 0.0003, ""lr_scheduler"": false, ""max_epochs"": 12, ""n_blocks"": 1, ""patience"": 3, ""pos_weight"": 1.0, ""residual_dropout"": 0.0, ""weight_decay"": 0.0001}",0.8725947737693787,False,12,12,299.48082649999924,cpu,0.8928571428571429,0.4807692307692308,0.625,100,12,108,124908
horizon_label_30min,ft_transformer,4,"{""attention_dropout"": 0.1, ""attention_n_heads"": 4, ""batch_size"": 512, ""d_block"": 32, ""ffn_d_hidden_multiplier"": 1.3333333333333333, ""ffn_dropout"": 0.1, ""learning_rate"": 0.0003, ""lr_scheduler"": false, ""max_epochs"": 12, ""n_blocks"": 1, ""patience"": 3, ""pos_weight"": 25.0, ""residual_dropout"": 0.0, ""weight_decay"": 0.0001}",0.9150421619415283,False,10,12,299.1972046999981,cpu,0.9142857142857143,0.6153846153846154,0.735632183908046,128,12,80,124908
horizon_label_30min,ft_transformer,5,"{""attention_dropout"": 0.1, ""attention_n_heads"": 4, ""batch_size"": 512, ""d_block"": 64, ""ffn_d_hidden_multiplier"": 1.3333333333333333, ""ffn_dropout"": 0.1, ""learning_rate"": 0.001, ""lr_scheduler"": true, ""max_epochs"": 40, ""n_blocks"": 1, ""patience"": 8, ""pos_weight"": 25.0, ""residual_dropout"": 0.0, ""weight_decay"": 0.0001}",0.9956880211830139,True,38,40,1740.5291763000023,cpu,0.9668508287292817,0.8413461538461539,0.8997429305912596,175,6,33,124914
horizon_label_40min,tabular_resnet,1,"{""batch_size"": 2048, ""d_block"": 128, ""d_hidden_multiplier"": 2.0, ""dropout1"": 0.1, ""dropout2"": 0.0, ""learning_rate"": 0.001, ""lr_scheduler"": false, ""max_epochs"": 12, ""n_blocks"": 2, ""patience"": 3, ""pos_weight"": 1.0, ""weight_decay"": 0.0001}",0.18017250299453735,False,11,12,23.761164100000315,cpu,0.9605263157894737,0.7906137184115524,0.8673267326732673,219,9,58,166491
horizon_label_40min,tabular_resnet,2,"{""batch_size"": 2048, ""d_block"": 128, ""d_hidden_multiplier"": 2.0, ""dropout1"": 0.1, ""dropout2"": 0.0, ""learning_rate"": 0.001, ""lr_scheduler"": false, ""max_epochs"": 12, ""n_blocks"": 2, ""patience"": 3, ""pos_weight"": 25.0, ""weight_decay"": 0.0001}",0.9587695002555847,False,7,10,19.90471169999728,cpu,0.9555555555555556,0.776173285198556,0.8565737051792829,215,10,62,166490
horizon_label_40min,tabular_resnet,3,"{""batch_size"": 2048, ""d_block"": 128, ""d_hidden_multiplier"": 2.0, ""dropout1"": 0.1, ""dropout2"": 0.0, ""learning_rate"": 0.0003, ""lr_scheduler"": false, ""max_epochs"": 12, ""n_blocks"": 2, ""patience"": 3, ""pos_weight"": 1.0, ""weight_decay"": 0.0001}",0.15235447883605957,False,11,12,25.0449950000002,cpu,0.9681818181818181,0.7689530685920578,0.8571428571428571,213,7,64,166493
horizon_label_40min,tabular_resnet,4,"{""batch_size"": 2048, ""d_block"": 128, ""d_hidden_multiplier"": 2.0, ""dropout1"": 0.1, ""dropout2"": 0.0, ""learning_rate"": 0.0003, ""lr_scheduler"": false, ""max_epochs"": 12, ""n_blocks"": 2, ""patience"": 3, ""pos_weight"": 25.0, ""weight_decay"": 0.0001}",0.9366365671157837,False,10,12,24.488936300000205,cpu,0.9601769911504425,0.7833935018050542,0.8628230616302187,217,9,60,166491
horizon_label_40min,tabular_resnet,5,"{""batch_size"": 2048, ""d_block"": 128, ""d_hidden_multiplier"": 2.0, ""dropout1"": 0.1, ""dropout2"": 0.0, ""learning_rate"": 0.0003, ""lr_scheduler"": true, ""max_epochs"": 40, ""n_blocks"": 2, ""patience"": 8, ""pos_weight"": 25.0, ""weight_decay"": 0.0001}",0.9613368511199951,True,20,28,56.72831600000063,cpu,0.9954545454545455,0.7906137184115524,0.8812877263581489,219,1,58,166499
horizon_label_40min,ft_transformer,1,"{""attention_dropout"": 0.1, ""attention_n_heads"": 4, ""batch_size"": 512, ""d_block"": 32, ""ffn_d_hidden_multiplier"": 1.3333333333333333, ""ffn_dropout"": 0.1, ""learning_rate"": 0.001, ""lr_scheduler"": false, ""max_epochs"": 12, ""n_blocks"": 1, ""patience"": 3, ""pos_weight"": 1.0, ""residual_dropout"": 0.0, ""weight_decay"": 0.0001}",0.24778173863887787,False,12,12,419.09863400000177,cpu,0.85625,0.49458483754512633,0.6270022883295194,137,23,140,166477
horizon_label_40min,ft_transformer,2,"{""attention_dropout"": 0.1, ""attention_n_heads"": 4, ""batch_size"": 512, ""d_block"": 32, ""ffn_d_hidden_multiplier"": 1.3333333333333333, ""ffn_dropout"": 0.1, ""learning_rate"": 0.001, ""lr_scheduler"": false, ""max_epochs"": 12, ""n_blocks"": 1, ""patience"": 3, ""pos_weight"": 25.0, ""residual_dropout"": 0.0, ""weight_decay"": 0.0001}",0.9068811535835266,False,9,12,435.38084300000264,cpu,0.918552036199095,0.7328519855595668,0.8152610441767069,203,18,74,166482
horizon_label_40min,ft_transformer,3,"{""attention_dropout"": 0.1, ""attention_n_heads"": 4, ""batch_size"": 512, ""d_block"": 32, ""ffn_d_hidden_multiplier"": 1.3333333333333333, ""ffn_dropout"": 0.1, ""learning_rate"": 0.0003, ""lr_scheduler"": false, ""max_epochs"": 12, ""n_blocks"": 1, ""patience"": 3, ""pos_weight"": 1.0, ""residual_dropout"": 0.0, ""weight_decay"": 0.0001}",0.49248695373535156,False,11,12,438.47571869999956,cpu,0.9279279279279279,0.37184115523465705,0.5309278350515464,103,8,174,166492
horizon_label_40min,ft_transformer,4,"{""attention_dropout"": 0.1, ""attention_n_heads"": 4, ""batch_size"": 512, ""d_block"": 32, ""ffn_d_hidden_multiplier"": 1.3333333333333333, ""ffn_dropout"": 0.1, ""learning_rate"": 0.0003, ""lr_scheduler"": false, ""max_epochs"": 12, ""n_blocks"": 1, ""patience"": 3, ""pos_weight"": 25.0, ""residual_dropout"": 0.0, ""weight_decay"": 0.0001}",0.9881675839424133,False,12,12,438.69110020000153,cpu,0.8518518518518519,0.4981949458483754,0.6287015945330297,138,24,139,166476
horizon_label_40min,ft_transformer,5,"{""attention_dropout"": 0.1, ""attention_n_heads"": 4, ""batch_size"": 512, ""d_block"": 64, ""ffn_d_hidden_multiplier"": 1.3333333333333333, ""ffn_dropout"": 0.1, ""learning_rate"": 0.001, ""lr_scheduler"": true, ""max_epochs"": 40, ""n_blocks"": 1, ""patience"": 8, ""pos_weight"": 1.0, ""residual_dropout"": 0.0, ""weight_decay"": 0.0001}",0.3816969394683838,True,38,40,2512.756567299999,cpu,0.9285714285714286,0.8916967509025271,0.9097605893186004,247,19,30,166481
horizon_label_50min,tabular_resnet,1,"{""batch_size"": 2048, ""d_block"": 128, ""d_hidden_multiplier"": 2.0, ""dropout1"": 0.1, ""dropout2"": 0.0, ""learning_rate"": 0.001, ""lr_scheduler"": false, ""max_epochs"": 12, ""n_blocks"": 2, ""patience"": 3, ""pos_weight"": 1.0, ""weight_decay"": 0.0001}",0.5013830661773682,True,10,12,25.274821700000757,cpu,0.9816176470588235,0.7694524495677233,0.8626817447495961,267,5,80,208075
horizon_label_50min,tabular_resnet,2,"{""batch_size"": 2048, ""d_block"": 128, ""d_hidden_multiplier"": 2.0, ""dropout1"": 0.1, ""dropout2"": 0.0, ""learning_rate"": 0.001, ""lr_scheduler"": false, ""max_epochs"": 12, ""n_blocks"": 2, ""patience"": 3, ""pos_weight"": 25.0, ""weight_decay"": 0.0001}",0.9513212442398071,False,7,10,21.64300860000003,cpu,0.9432624113475178,0.7665706051873199,0.8457869634340223,266,16,81,208064
horizon_label_50min,tabular_resnet,3,"{""batch_size"": 2048, ""d_block"": 128, ""d_hidden_multiplier"": 2.0, ""dropout1"": 0.1, ""dropout2"": 0.0, ""learning_rate"": 0.0003, ""lr_scheduler"": false, ""max_epochs"": 12, ""n_blocks"": 2, ""patience"": 3, ""pos_weight"": 1.0, ""weight_decay"": 0.0001}",0.4358312487602234,False,12,12,26.545600600002217,cpu,0.9923954372623575,0.7521613832853026,0.8557377049180328,261,2,86,208078
horizon_label_50min,tabular_resnet,4,"{""batch_size"": 2048, ""d_block"": 128, ""d_hidden_multiplier"": 2.0, ""dropout1"": 0.1, ""dropout2"": 0.0, ""learning_rate"": 0.0003, ""lr_scheduler"": false, ""max_epochs"": 12, ""n_blocks"": 2, ""patience"": 3, ""pos_weight"": 25.0, ""weight_decay"": 0.0001}",0.8806004524230957,False,12,12,26.792479400002776,cpu,0.9575971731448764,0.7809798270893372,0.8603174603174604,271,12,76,208068
horizon_label_50min,ft_transformer,1,"{""attention_dropout"": 0.1, ""attention_n_heads"": 4, ""batch_size"": 512, ""d_block"": 32, ""ffn_d_hidden_multiplier"": 1.3333333333333333, ""ffn_dropout"": 0.1, ""learning_rate"": 0.001, ""lr_scheduler"": false, ""max_epochs"": 12, ""n_blocks"": 1, ""patience"": 3, ""pos_weight"": 1.0, ""residual_dropout"": 0.0, ""weight_decay"": 0.0001}",0.20293281972408295,False,12,12,522.4195772999992,cpu,0.8615916955017301,0.7175792507204611,0.7830188679245284,249,40,98,208040
horizon_label_50min,ft_transformer,2,"{""attention_dropout"": 0.1, ""attention_n_heads"": 4, ""batch_size"": 512, ""d_block"": 32, ""ffn_d_hidden_multiplier"": 1.3333333333333333, ""ffn_dropout"": 0.1, ""learning_rate"": 0.001, ""lr_scheduler"": false, ""max_epochs"": 12, ""n_blocks"": 1, ""patience"": 3, ""pos_weight"": 25.0, ""residual_dropout"": 0.0, ""weight_decay"": 0.0001}",0.992340087890625,True,10,12,539.9070602000029,cpu,0.9806949806949807,0.7319884726224783,0.8382838283828383,254,5,93,208075
horizon_label_50min,ft_transformer,3,"{""attention_dropout"": 0.1, ""attention_n_heads"": 4, ""batch_size"": 512, ""d_block"": 32, ""ffn_d_hidden_multiplier"": 1.3333333333333333, ""ffn_dropout"": 0.1, ""learning_rate"": 0.0003, ""lr_scheduler"": false, ""max_epochs"": 12, ""n_blocks"": 1, ""patience"": 3, ""pos_weight"": 1.0, ""residual_dropout"": 0.0, ""weight_decay"": 0.0001}",0.8052203059196472,False,11,12,538.9128027999977,cpu,0.9148936170212766,0.37175792507204614,0.5286885245901639,129,12,218,208068
horizon_label_50min,ft_transformer,4,"{""attention_dropout"": 0.1, ""attention_n_heads"": 4, ""batch_size"": 512, ""d_block"": 32, ""ffn_d_hidden_multiplier"": 1.3333333333333333, ""ffn_dropout"": 0.1, ""learning_rate"": 0.0003, ""lr_scheduler"": false, ""max_epochs"": 12, ""n_blocks"": 1, ""patience"": 3, ""pos_weight"": 25.0, ""residual_dropout"": 0.0, ""weight_decay"": 0.0001}",0.9291346073150635,False,4,7,323.4015151000058,cpu,0.8024691358024691,0.3746397694524496,0.5108055009823183,130,32,217,208048
