target,model,best_params,threshold,precision,recall,f1,tp,fp,fn,tn
horizon_label_20min,lr,"{""C"": 1.0, ""class_weight"": null}",0.45989611744880676,0.8522727272727273,0.5434782608695652,0.6637168141592921,75,13,63,83148
horizon_label_20min,rf,"{""max_depth"": null, ""min_samples_leaf"": 1}",0.5,0.9640287769784173,0.9710144927536232,0.9675090252707581,134,5,4,83156
horizon_label_20min,extra_trees,"{""max_depth"": null, ""min_samples_leaf"": 1}",0.58,0.9708029197080292,0.9637681159420289,0.9672727272727273,133,4,5,83157
horizon_label_20min,gradient_boosting,"{""learning_rate"": 0.05, ""max_leaf_nodes"": 31}",0.971693624577978,0.9054054054054054,0.9710144927536232,0.9370629370629371,134,14,4,83147
horizon_label_20min,xgboost,"{""learning_rate"": 0.1, ""max_depth"": 6}",0.41177549958229065,0.9448275862068966,0.9927536231884058,0.9681978798586572,137,8,1,83153
horizon_label_30min,lr,"{""C"": 1.0, ""class_weight"": null}",0.3971300721168518,0.8518518518518519,0.4423076923076923,0.5822784810126582,92,16,116,124905
horizon_label_30min,rf,"{""max_depth"": null, ""min_samples_leaf"": 1}",0.54,0.9715639810426541,0.9855769230769231,0.9785202863961814,205,6,3,124915
horizon_label_30min,extra_trees,"{""max_depth"": null, ""min_samples_leaf"": 1}",0.49,0.9760765550239234,0.9807692307692307,0.9784172661870504,204,5,4,124916
horizon_label_30min,gradient_boosting,"{""learning_rate"": 0.05, ""max_leaf_nodes"": 15}",0.575868427593423,0.9269406392694064,0.9759615384615384,0.9508196721311475,203,16,5,124905
horizon_label_30min,xgboost,"{""learning_rate"": 0.05, ""max_depth"": 6}",0.44408106803894043,0.9488372093023256,0.9807692307692307,0.9645390070921985,204,11,4,124910
horizon_label_40min,lr,"{""C"": 0.1, ""class_weight"": null}",0.3670874834060669,0.7786885245901639,0.34172661870503596,0.475,95,27,183,166473
horizon_label_40min,rf,"{""max_depth"": null, ""min_samples_leaf"": 1}",0.45,0.9890510948905109,0.9748201438848921,0.9818840579710145,271,3,7,166497
horizon_label_40min,extra_trees,"{""max_depth"": null, ""min_samples_leaf"": 1}",0.38,0.9927536231884058,0.9856115107913669,0.9891696750902527,274,2,4,166498
horizon_label_40min,gradient_boosting,"{""learning_rate"": 0.05, ""max_leaf_nodes"": 31}",0.877481111871501,0.8675496688741722,0.9424460431654677,0.903448275862069,262,40,16,166460
horizon_label_40min,xgboost,"{""learning_rate"": 0.1, ""max_depth"": 6}",0.447752445936203,0.9891304347826086,0.9820143884892086,0.9855595667870036,273,3,5,166497
horizon_label_50min,lr,"{""C"": 1.0, ""class_weight"": null}",0.3704395592212677,0.8251748251748252,0.3400576368876081,0.4816326530612245,118,25,229,208055
horizon_label_50min,rf,"{""max_depth"": null, ""min_samples_leaf"": 1}",0.525,0.9824046920821115,0.9654178674351584,0.9738372093023255,335,6,12,208074
horizon_label_50min,extra_trees,"{""max_depth"": null, ""min_samples_leaf"": 1}",0.365,0.9715099715099715,0.9827089337175793,0.9770773638968482,341,10,6,208070
horizon_label_50min,gradient_boosting,"{""learning_rate"": 0.05, ""max_leaf_nodes"": 15}",0.5809463670822116,0.925414364640884,0.9654178674351584,0.9449929478138223,335,27,12,208053
horizon_label_50min,xgboost,"{""learning_rate"": 0.1, ""max_depth"": 6}",0.5078496336936951,0.9741379310344828,0.9769452449567724,0.9755395683453237,339,9,8,208071
