target,model,trial_id,params,threshold,selected,val_precision,val_recall,val_f1,val_tp,val_fp,val_fn,val_tn
horizon_label_20min,lr,1,"{""C"": 0.1, ""class_weight"": null}",0.14794161915779114,False,0.78125,0.8992805755395683,0.8361204013377926,125,35,14,658
horizon_label_20min,lr,2,"{""C"": 0.1, ""class_weight"": ""balanced""}",0.5180630087852478,False,0.8456375838926175,0.9064748201438849,0.875,126,23,13,670
horizon_label_20min,lr,3,"{""C"": 1.0, ""class_weight"": null}",0.24854764342308044,False,0.8888888888888888,0.9784172661870504,0.9315068493150684,136,17,3,676
horizon_label_20min,lr,4,"{""C"": 1.0, ""class_weight"": ""balanced""}",0.6063300371170044,False,0.9006622516556292,0.9784172661870504,0.9379310344827586,136,15,3,678
horizon_label_20min,lr,5,"{""C"": 10.0, ""class_weight"": null}",0.4348074495792389,False,0.9305555555555556,0.9640287769784173,0.9469964664310954,134,10,5,683
horizon_label_20min,lr,6,"{""C"": 10.0, ""class_weight"": ""balanced""}",0.7542332410812378,True,0.9440559440559441,0.9712230215827338,0.9574468085106383,135,8,4,685
horizon_label_20min,rf,1,"{""max_depth"": null, ""min_samples_leaf"": 1}",0.83,True,1.0,1.0,1.0,139,0,0,693
horizon_label_20min,rf,2,"{""max_depth"": null, ""min_samples_leaf"": 3}",0.7660119047619045,False,1.0,1.0,1.0,139,0,0,693
horizon_label_20min,rf,3,"{""max_depth"": 12, ""min_samples_leaf"": 1}",0.8289316860376297,False,1.0,1.0,1.0,139,0,0,693
horizon_label_20min,rf,4,"{""max_depth"": 12, ""min_samples_leaf"": 3}",0.7723858363858364,False,1.0,1.0,1.0,139,0,0,693
horizon_label_20min,extra_trees,1,"{""max_depth"": null, ""min_samples_leaf"": 1}",0.825,True,1.0,1.0,1.0,139,0,0,693
horizon_label_20min,extra_trees,2,"{""max_depth"": null, ""min_samples_leaf"": 3}",0.6902635281385279,False,1.0,1.0,1.0,139,0,0,693
horizon_label_20min,extra_trees,3,"{""max_depth"": 12, ""min_samples_leaf"": 1}",0.43120522347762297,False,1.0,1.0,1.0,139,0,0,693
horizon_label_20min,extra_trees,4,"{""max_depth"": 12, ""min_samples_leaf"": 3}",0.4075577613998832,False,0.9928571428571429,1.0,0.996415770609319,139,1,0,692
horizon_label_20min,gradient_boosting,1,"{""learning_rate"": 0.05, ""max_leaf_nodes"": 15}",0.9979561452392752,True,1.0,1.0,1.0,139,0,0,693
horizon_label_20min,gradient_boosting,2,"{""learning_rate"": 0.05, ""max_leaf_nodes"": 31}",0.9982605481893325,False,1.0,1.0,1.0,139,0,0,693
horizon_label_20min,gradient_boosting,3,"{""learning_rate"": 0.1, ""max_leaf_nodes"": 15}",0.9998003227366633,False,1.0,1.0,1.0,139,0,0,693
horizon_label_20min,gradient_boosting,4,"{""learning_rate"": 0.1, ""max_leaf_nodes"": 31}",0.999919541234189,False,1.0,1.0,1.0,139,0,0,693
horizon_label_20min,xgboost,1,"{""learning_rate"": 0.05, ""max_depth"": 3}",0.9439266324043274,True,1.0,1.0,1.0,139,0,0,693
horizon_label_20min,xgboost,2,"{""learning_rate"": 0.05, ""max_depth"": 6}",0.9752005934715271,False,1.0,1.0,1.0,139,0,0,693
horizon_label_20min,xgboost,3,"{""learning_rate"": 0.1, ""max_depth"": 3}",0.9773327112197876,False,1.0,1.0,1.0,139,0,0,693
horizon_label_20min,xgboost,4,"{""learning_rate"": 0.1, ""max_depth"": 6}",0.9765647053718567,False,1.0,1.0,1.0,139,0,0,693
horizon_label_30min,lr,1,"{""C"": 0.1, ""class_weight"": null}",0.41980230808258057,False,0.8624338624338624,0.7836538461538461,0.8211586901763224,163,26,45,1015
horizon_label_30min,lr,2,"{""C"": 0.1, ""class_weight"": ""balanced""}",0.6329281330108643,False,0.8036529680365296,0.8461538461538461,0.8243559718969555,176,43,32,998
horizon_label_30min,lr,3,"{""C"": 1.0, ""class_weight"": null}",0.29097259044647217,False,0.8445378151260504,0.9663461538461539,0.9013452914798207,201,37,7,1004
horizon_label_30min,lr,4,"{""C"": 1.0, ""class_weight"": ""balanced""}",0.6858096122741699,False,0.8820960698689956,0.9711538461538461,0.9244851258581236,202,27,6,1014
horizon_label_30min,lr,5,"{""C"": 10.0, ""class_weight"": null}",0.4787333011627197,True,0.8991228070175439,0.9855769230769231,0.9403669724770642,205,23,3,1018
horizon_label_30min,lr,6,"{""C"": 10.0, ""class_weight"": ""balanced""}",0.8104016780853271,False,0.9026548672566371,0.9807692307692307,0.9400921658986175,204,22,4,1019
horizon_label_30min,rf,1,"{""max_depth"": null, ""min_samples_leaf"": 1}",0.61,True,0.9904761904761905,1.0,0.9952153110047847,208,2,0,1039
horizon_label_30min,rf,2,"{""max_depth"": null, ""min_samples_leaf"": 3}",0.6508968253968255,False,0.9904761904761905,1.0,0.9952153110047847,208,2,0,1039
horizon_label_30min,rf,3,"{""max_depth"": 12, ""min_samples_leaf"": 1}",0.608689295748648,False,0.9904761904761905,1.0,0.9952153110047847,208,2,0,1039
horizon_label_30min,rf,4,"{""max_depth"": 12, ""min_samples_leaf"": 3}",0.6369224328280569,False,0.985781990521327,1.0,0.9928400954653938,208,3,0,1038
horizon_label_30min,extra_trees,1,"{""max_depth"": null, ""min_samples_leaf"": 1}",0.685,True,0.9904761904761905,1.0,0.9952153110047847,208,2,0,1039
horizon_label_30min,extra_trees,2,"{""max_depth"": null, ""min_samples_leaf"": 3}",0.6003928571428571,False,0.985781990521327,1.0,0.9928400954653938,208,3,0,1038
horizon_label_30min,extra_trees,3,"{""max_depth"": 12, ""min_samples_leaf"": 1}",0.3575344182857699,False,0.985781990521327,1.0,0.9928400954653938,208,3,0,1038
horizon_label_30min,extra_trees,4,"{""max_depth"": 12, ""min_samples_leaf"": 3}",0.35261501572629844,False,0.9765258215962441,1.0,0.9881235154394299,208,5,0,1036
horizon_label_30min,gradient_boosting,1,"{""learning_rate"": 0.05, ""max_leaf_nodes"": 15}",0.9810349293312894,True,0.9952153110047847,1.0,0.9976019184652278,208,1,0,1040
horizon_label_30min,gradient_boosting,2,"{""learning_rate"": 0.05, ""max_leaf_nodes"": 31}",0.9900648122061784,False,0.9952153110047847,1.0,0.9976019184652278,208,1,0,1040
horizon_label_30min,gradient_boosting,3,"{""learning_rate"": 0.1, ""max_leaf_nodes"": 15}",0.9970963732918195,False,0.9952153110047847,1.0,0.9976019184652278,208,1,0,1040
horizon_label_30min,gradient_boosting,4,"{""learning_rate"": 0.1, ""max_leaf_nodes"": 31}",0.9973206518936543,False,0.9952153110047847,1.0,0.9976019184652278,208,1,0,1040
horizon_label_30min,xgboost,1,"{""learning_rate"": 0.05, ""max_depth"": 3}",0.6445242166519165,True,0.985781990521327,1.0,0.9928400954653938,208,3,0,1038
horizon_label_30min,xgboost,2,"{""learning_rate"": 0.05, ""max_depth"": 6}",0.6059800386428833,False,0.985781990521327,1.0,0.9928400954653938,208,3,0,1038
horizon_label_30min,xgboost,3,"{""learning_rate"": 0.1, ""max_depth"": 3}",0.4423055648803711,False,0.9811320754716981,1.0,0.9904761904761905,208,4,0,1037
horizon_label_30min,xgboost,4,"{""learning_rate"": 0.1, ""max_depth"": 6}",0.4922264516353607,False,0.985781990521327,1.0,0.9928400954653938,208,3,0,1038
horizon_label_40min,lr,1,"{""C"": 0.1, ""class_weight"": null}",0.21270813047885895,False,0.8073394495412844,0.9530685920577617,0.8741721854304636,264,63,13,1325
horizon_label_40min,lr,2,"{""C"": 0.1, ""class_weight"": ""balanced""}",0.5554001331329346,False,0.8258258258258259,0.9927797833935018,0.9016393442622951,275,58,2,1330
horizon_label_40min,lr,3,"{""C"": 1.0, ""class_weight"": null}",0.38701796531677246,False,0.9270833333333334,0.9638989169675091,0.9451327433628318,267,21,10,1367
horizon_label_40min,lr,4,"{""C"": 1.0, ""class_weight"": ""balanced""}",0.6469174027442932,False,0.9166666666666666,0.9927797833935018,0.9532062391681109,275,25,2,1363
horizon_label_40min,lr,5,"{""C"": 10.0, ""class_weight"": null}",0.40852442383766174,False,0.9347079037800687,0.9819494584837545,0.9577464788732394,272,19,5,1369
horizon_label_40min,lr,6,"{""C"": 10.0, ""class_weight"": ""balanced""}",0.7860251069068909,True,0.9475524475524476,0.9783393501805054,0.9626998223801065,271,15,6,1373
horizon_label_40min,rf,1,"{""max_depth"": null, ""min_samples_leaf"": 1}",0.905,True,0.9964028776978417,1.0,0.9981981981981982,277,1,0,1387
horizon_label_40min,rf,2,"{""max_depth"": null, ""min_samples_leaf"": 3}",0.8407830198035022,False,0.9964028776978417,1.0,0.9981981981981982,277,1,0,1387
horizon_label_40min,rf,3,"{""max_depth"": 12, ""min_samples_leaf"": 1}",0.8775678473079932,False,0.9964028776978417,1.0,0.9981981981981982,277,1,0,1387
horizon_label_40min,rf,4,"{""max_depth"": 12, ""min_samples_leaf"": 3}",0.8465735830336766,False,0.9964028776978417,1.0,0.9981981981981982,277,1,0,1387
horizon_label_40min,extra_trees,1,"{""max_depth"": null, ""min_samples_leaf"": 1}",0.9,True,1.0,1.0,1.0,277,0,0,1388
horizon_label_40min,extra_trees,2,"{""max_depth"": null, ""min_samples_leaf"": 3}",0.8272633914036288,False,0.992831541218638,1.0,0.9964028776978417,277,2,0,1386
horizon_label_40min,extra_trees,3,"{""max_depth"": 12, ""min_samples_leaf"": 1}",0.38553976108717897,False,0.9892857142857143,1.0,0.9946140035906643,277,3,0,1385
horizon_label_40min,extra_trees,4,"{""max_depth"": 12, ""min_samples_leaf"": 3}",0.41313660274786146,False,0.9857651245551602,1.0,0.992831541218638,277,4,0,1384
horizon_label_40min,gradient_boosting,1,"{""learning_rate"": 0.05, ""max_leaf_nodes"": 15}",0.9664186370203074,True,0.9964028776978417,1.0,0.9981981981981982,277,1,0,1387
horizon_label_40min,gradient_boosting,2,"{""learning_rate"": 0.05, ""max_leaf_nodes"": 31}",0.9809290948817717,False,0.9964028776978417,1.0,0.9981981981981982,277,1,0,1387
horizon_label_40min,gradient_boosting,3,"{""learning_rate"": 0.1, ""max_leaf_nodes"": 15}",0.9985130595083699,False,0.9964028776978417,1.0,0.9981981981981982,277,1,0,1387
horizon_label_40min,gradient_boosting,4,"{""learning_rate"": 0.1, ""max_leaf_nodes"": 31}",0.9970731473678909,False,0.9964028776978417,1.0,0.9981981981981982,277,1,0,1387
horizon_label_40min,xgboost,1,"{""learning_rate"": 0.05, ""max_depth"": 3}",0.8327406644821167,True,0.9892857142857143,1.0,0.9946140035906643,277,3,0,1385
horizon_label_40min,xgboost,2,"{""learning_rate"": 0.05, ""max_depth"": 6}",0.6572499871253967,False,0.9892857142857143,1.0,0.9946140035906643,277,3,0,1385
horizon_label_40min,xgboost,3,"{""learning_rate"": 0.1, ""max_depth"": 3}",0.5667398571968079,False,0.9892857142857143,1.0,0.9946140035906643,277,3,0,1385
horizon_label_40min,xgboost,4,"{""learning_rate"": 0.1, ""max_depth"": 6}",0.4717894494533539,False,0.9892857142857143,1.0,0.9946140035906643,277,3,0,1385
horizon_label_50min,lr,1,"{""C"": 0.1, ""class_weight"": null}",0.28964388370513916,False,0.8401084010840109,0.8933717579250721,0.8659217877094972,310,59,37,1675
horizon_label_50min,lr,2,"{""C"": 0.1, ""class_weight"": ""balanced""}",0.6532456874847412,False,0.859504132231405,0.899135446685879,0.8788732394366198,312,51,35,1683
horizon_label_50min,lr,3,"{""C"": 1.0, ""class_weight"": null}",0.4320308268070221,False,0.9057142857142857,0.9135446685878963,0.9096126255380201,317,33,30,1701
horizon_label_50min,lr,4,"{""C"": 1.0, ""class_weight"": ""balanced""}",0.687516450881958,False,0.8975741239892183,0.9596541786743515,0.9275766016713092,333,38,14,1696
horizon_label_50min,lr,5,"{""C"": 10.0, ""class_weight"": null}",0.3320772349834442,False,0.8812664907651715,0.962536023054755,0.9201101928374655,334,45,13,1689
horizon_label_50min,lr,6,"{""C"": 10.0, ""class_weight"": ""balanced""}",0.6113026738166809,True,0.8868894601542416,0.9942363112391931,0.9375,345,44,2,1690
horizon_label_50min,rf,1,"{""max_depth"": null, ""min_samples_leaf"": 1}",0.55,True,0.9971264367816092,1.0,0.9985611510791367,347,1,0,1733
horizon_label_50min,rf,2,"{""max_depth"": null, ""min_samples_leaf"": 3}",0.6611468253968255,False,0.9971181556195965,0.9971181556195965,0.9971181556195965,346,1,1,1733
horizon_label_50min,rf,3,"{""max_depth"": 12, ""min_samples_leaf"": 1}",0.5445000774985546,False,0.9971264367816092,1.0,0.9985611510791367,347,1,0,1733
horizon_label_50min,rf,4,"{""max_depth"": 12, ""min_samples_leaf"": 3}",0.6711064086797467,False,0.9971181556195965,0.9971181556195965,0.9971181556195965,346,1,1,1733
horizon_label_50min,extra_trees,1,"{""max_depth"": null, ""min_samples_leaf"": 1}",0.61,True,0.9971264367816092,1.0,0.9985611510791367,347,1,0,1733
horizon_label_50min,extra_trees,2,"{""max_depth"": null, ""min_samples_leaf"": 3}",0.49307142857142855,False,0.9886039886039886,1.0,0.994269340974212,347,4,0,1730
horizon_label_50min,extra_trees,3,"{""max_depth"": 12, ""min_samples_leaf"": 1}",0.320368787846664,False,0.9914285714285714,1.0,0.9956958393113343,347,3,0,1731
horizon_label_50min,extra_trees,4,"{""max_depth"": 12, ""min_samples_leaf"": 3}",0.3059288019924512,False,0.9830028328611898,1.0,0.9914285714285714,347,6,0,1728
horizon_label_50min,gradient_boosting,1,"{""learning_rate"": 0.05, ""max_leaf_nodes"": 15}",0.3896262918198465,False,0.9971264367816092,1.0,0.9985611510791367,347,1,0,1733
horizon_label_50min,gradient_boosting,2,"{""learning_rate"": 0.05, ""max_leaf_nodes"": 31}",0.10602319918019534,False,0.9971264367816092,1.0,0.9985611510791367,347,1,0,1733
horizon_label_50min,gradient_boosting,3,"{""learning_rate"": 0.1, ""max_leaf_nodes"": 15}",0.8238818538367509,True,1.0,1.0,1.0,347,0,0,1734
horizon_label_50min,gradient_boosting,4,"{""learning_rate"": 0.1, ""max_leaf_nodes"": 31}",0.04255091078253415,False,0.994269340974212,1.0,0.9971264367816092,347,2,0,1732
horizon_label_50min,xgboost,1,"{""learning_rate"": 0.05, ""max_depth"": 3}",0.6012478470802307,False,0.9914285714285714,1.0,0.9956958393113343,347,3,0,1731
horizon_label_50min,xgboost,2,"{""learning_rate"": 0.05, ""max_depth"": 6}",0.8004727959632874,False,1.0,0.9942363112391931,0.9971098265895953,345,0,2,1734
horizon_label_50min,xgboost,3,"{""learning_rate"": 0.1, ""max_depth"": 3}",0.4821798503398895,False,0.994269340974212,1.0,0.9971264367816092,347,2,0,1732
horizon_label_50min,xgboost,4,"{""learning_rate"": 0.1, ""max_depth"": 6}",0.3561317026615143,True,0.9971264367816092,1.0,0.9985611510791367,347,1,0,1733
